Chicken Makhani (Indian Butter Chicken),10 mins,25 mins,35 mins,4,>2_tablespoons_peanut_oil>1_shallot>¼_white_onion>2_tablespoons_butter>1_tablespoon_ginger_garlic_paste>2_teaspoons_lemon_juice>2_teaspoons_garam_masala>1_teaspoon_chili_powder>1_teaspoon_ground_cumin>1_bay_leaf>1_cup_tomato_puree>1_cup_half-and-half>¼_cup_plain_yogurt>1_pinch_salt_and_ground_black_pepper_to_taste>1_pound_boneless>¼_teaspoon_cayenne_pepper>1_tablespoon_cornstarch>¼_cup_water>,"]1.Heat_1_tablespoon_oil_in_a_large_saucepan_over_medium-high_heat._Sauté_shallot_and_onion_until_soft_and_translucent,_about_5_minutes.]2.Stir_in_butter,_ginger-garlic_paste,_lemon_juice,_1_teaspoon_garam_masala,_chili_powder,_cumin,_and_bay_leaf._Cook_and_stir_for_1_minute._Add_tomato_sauce,_and_cook_for_2_minutes,_continuing_to_frequently_stir.]3.Stir_in_half-and-half_and_yogurt._Reduce_heat_to_low,_and_simmer_for_10_minutes,_frequently_stirring._Season_with_salt_and_pepper._Remove_from_heat_and_set_aside.]4.Heat_remaining_1_tablespoon_oil_in_a_large_heavy_skillet_over_medium_heat._Cook_chicken_until_lightly_browned,_about_10_minutes.]5.Reduce_heat,_and_season_with_remaining_1_teaspoon_garam_masala_and_cayenne._Stir_in_a_few_spoonfuls_of_sauce,_and_simmer_until_liquid_has_reduced,_and_chicken_is_no_longer_pink._Add_cooked_chicken_into_sauce_and_stir_together.]6.Dissolve_cornstarch_into_water,_then_mix_into_the_sauce._Cook_for_5_to_10_minutes,_or_until_thickened.]7.Serve_over_rice_with_naan.",chicken,https://www.allrecipes.com/thmb/y6Gj-z1NLSEXSz9uwBnJGPfg9VE=/282x188/filters:no_upscale():max_bytes(150000):strip_icc():focal(999x0:1001x2):format(webp)/45957-ChickenMakhaniIndianButterChicken-mfs-4X3-0037-7aa9a555bf3943baae20c5c3b0921375.jpg
Best Chicken Marinade,5 mins,20 mins,1 hr,1 hr 25 mins,>⅔_cup_olive_oil>⅔_cup_reduced-sodium_soy_sauce>¼_cup_lemon_juice>2_tablespoons_liquid_smoke_flavoring>2_tablespoons_spicy_brown_mustard>2_teaspoons_ground_black_pepper>2_teaspoons_garlic_powder>4_skinless>,"]1.Gather_the_ingredients.]2.Mix_olive_oil,_soy_sauce,_lemon_juice,_liquid_smoke,_mustard,_pepper,_and_garlic_powder_together_in_a_large_glass_or_ceramic_bowl.]3.Place_chicken_in_the_bowl_and_turn_to_coat_with_marinade._Cover_and_marinate_in_the_refrigerator_for_1_to_4_hours._For_best_results,_do_not_marinate_longer_than_4_hours.]4.Preheat_an_outdoor_grill_for_high_heat_and_lightly_oil_the_grate.]5.Remove_chicken_from_the_marinade_and_shake_off_excess._Discard_the_remaining_marinade.]6.Cook_chicken_on_the_preheated_grill_until_no_longer_pink_in_the_center_and_the_juices_run_clear,_6_to_8_minutes_per_side._An_instant-read_thermometer_inserted_into_the_center_should_read_at_least_165_degrees_F_(74_degrees_C).]7.Serve_and_enjoy!",chicken,https://www.allrecipes.com/thmb/ikJn5EwEFcbNRKJ3z_o2Bg7uK1M=/282x188/filters:no_upscale():max_bytes(150000):strip_icc():focal(1999x0:2001x2):format(webp)/83793-best-chicken-marinade-VAT-4x3-095dedf7849c460193b6149ed763b597.jpg
Chicken Pot Pie VI,30 mins,50 mins,1 hr 20 mins,6,>1_recipe_pastry_for_a_9_inch_double_crust_pie>4_boneless>½_cup_chopped_onion>1_teaspoon_poultry_seasoning>1_(10.75_ounce)_can_condensed_cream_of_chicken_soup>1_(10.75_ounce)_can_condensed_cream_of_mushroom_soup>1_cup_shredded_Cheddar_cheese>1_cup_shredded_mozzarella_cheese>2_cups_frozen_mixed_vegetables>1_cup_sliced_fresh_mushrooms>_salt_and_pepper_to_taste>,"]1.Preheat_oven_to_350_degrees_F_(175_degrees_C)._Lightly_grease_and_flour_a_2_quart_casserole_dish.]2.Place_chicken_breasts,_onion,_and_poultry_seasoning_in_a_medium_saucepan_and_add_enough_water_to_cover._Simmer_over_medium_heat_for_8_to_10_minutes,_until_chicken_is_cooked_through._Drain_and_dice_chicken.]3.In_a_large_bowl,_combine_chicken,_onions,_cream_of_chicken_soup,_cream_of_mushroom_soup,_Cheddar_cheese,_mozzarella_cheese,_mixed_vegetables,_mushrooms,_and_salt_and_pepper._Mix_thoroughly.]4.Lay_one_sheet_of_pastry_in_bottom_of_greased_and_floured_pan._Pour_chicken_mixture_over_pastry._Cover_with_second_sheet_of_pastry._Seal_edges_of_top_and_bottom_pastries._Cut_steam_vents_in_top.]5.Bake_in_preheated_oven_for_50_minutes,_until_pastry_is_golden_brown.",chicken,https://www.allrecipes.com/thmb/ZLkl8yIyIUBCq6WhXunNlSRCCnE=/282x188/filters:no_upscale():max_bytes(150000):strip_icc():focal(124x0:126x2):format(webp)/693736-b6bc39ee191d4be5a52df72530fc699b.jpg
Banana Pancakes,5 mins,10 mins,15 mins,6,>1_cup_all-purpose_flour>1_tablespoon_white_sugar>2_teaspoons_baking_powder>¼_teaspoon_salt>1_egg>1_cup_milk>2_tablespoons_vegetable_oil>2_ripe_bananas>,"]1.Gather_all_ingredients.]2.Combine_flour,_white_sugar,_baking_powder,_and_salt_in_a_bowl._Mix_together_egg,_milk,_vegetable_oil,_and_bananas_in_a_second_bowl.]3.Stir_flour_mixture_into_banana_mixture;_batter_will_be_slightly_lumpy.]4.Heat_a_lightly_oiled_griddle_or_frying_pan_over_medium_high_heat._Pour_or_scoop_the_batter_onto_the_griddle,_using_approximately_1/4_cup_for_each_pancake.]5.Cook_until_pancakes_are_golden_brown,_3_to_5_minutes_per_side._Serve_hot.]6.Serve_hot_and_enjoy!",pancakes,https://www.allrecipes.com/thmb/5tStlYxdp5LvPJ2BTbMShjg-FyQ=/282x188/filters:no_upscale():max_bytes(150000):strip_icc():focal(1999x0:2001x2):format(webp)/20334-banana-pancakes-i-DDMFS-4x3-9f291f03044247d48c9ec26917952402.jpg
Chicken Makhani (Indian Butter Chicken),10 mins,25 mins,35 mins,4,>2_tablespoons_peanut_oil>1_shallot>¼_white_onion>2_tablespoons_butter>1_tablespoon_ginger_garlic_paste>2_teaspoons_lemon_juice>2_teaspoons_garam_masala>1_teaspoon_chili_powder>1_teaspoon_ground_cumin>1_bay_leaf>1_cup_tomato_puree>1_cup_half-and-half>¼_cup_plain_yogurt>1_pinch_salt_and_ground_black_pepper_to_taste>1_pound_boneless>¼_teaspoon_cayenne_pepper>1_tablespoon_cornstarch>¼_cup_water>,"]1.Heat_1_tablespoon_oil_in_a_large_saucepan_over_medium-high_heat._Sauté_shallot_and_onion_until_soft_and_translucent,_about_5_minutes.]2.Stir_in_butter,_ginger-garlic_paste,_lemon_juice,_1_teaspoon_garam_masala,_chili_powder,_cumin,_and_bay_leaf._Cook_and_stir_for_1_minute._Add_tomato_sauce,_and_cook_for_2_minutes,_continuing_to_frequently_stir.]3.Stir_in_half-and-half_and_yogurt._Reduce_heat_to_low,_and_simmer_for_10_minutes,_frequently_stirring._Season_with_salt_and_pepper._Remove_from_heat_and_set_aside.]4.Heat_remaining_1_tablespoon_oil_in_a_large_heavy_skillet_over_medium_heat._Cook_chicken_until_lightly_browned,_about_10_minutes.]5.Reduce_heat,_and_season_with_remaining_1_teaspoon_garam_masala_and_cayenne._Stir_in_a_few_spoonfuls_of_sauce,_and_simmer_until_liquid_has_reduced,_and_chicken_is_no_longer_pink._Add_cooked_chicken_into_sauce_and_stir_together.]6.Dissolve_cornstarch_into_water,_then_mix_into_the_sauce._Cook_for_5_to_10_minutes,_or_until_thickened.]7.Serve_over_rice_with_naan.",chicken,https://www.allrecipes.com/thmb/y6Gj-z1NLSEXSz9uwBnJGPfg9VE=/282x188/filters:no_upscale():max_bytes(150000):strip_icc():focal(999x0:1001x2):format(webp)/45957-ChickenMakhaniIndianButterChicken-mfs-4X3-0037-7aa9a555bf3943baae20c5c3b0921375.jpg
Best Chicken Marinade,none,none,none,none,>⅔_cup_olive_oil>⅔_cup_reduced-sodium_soy_sauce>¼_cup_lemon_juice>2_tablespoons_liquid_smoke_flavoring>2_tablespoons_spicy_brown_mustard>2_teaspoons_ground_black_pepper>2_teaspoons_garlic_powder>4_skinless>,"]1.Gather_the_ingredients.]2.Mix_olive_oil,_soy_sauce,_lemon_juice,_liquid_smoke,_mustard,_pepper,_and_garlic_powder_together_in_a_large_glass_or_ceramic_bowl.]3.Place_chicken_in_the_bowl_and_turn_to_coat_with_marinade._Cover_and_marinate_in_the_refrigerator_for_1_to_4_hours._For_best_results,_do_not_marinate_longer_than_4_hours.]4.Preheat_an_outdoor_grill_for_high_heat_and_lightly_oil_the_grate.]5.Remove_chicken_from_the_marinade_and_shake_off_excess._Discard_the_remaining_marinade.]6.Cook_chicken_on_the_preheated_grill_until_no_longer_pink_in_the_center_and_the_juices_run_clear,_6_to_8_minutes_per_side._An_instant-read_thermometer_inserted_into_the_center_should_read_at_least_165_degrees_F_(74_degrees_C).]7.Serve_and_enjoy!",chicken,https://www.allrecipes.com/thmb/ikJn5EwEFcbNRKJ3z_o2Bg7uK1M=/282x188/filters:no_upscale():max_bytes(150000):strip_icc():focal(1999x0:2001x2):format(webp)/83793-best-chicken-marinade-VAT-4x3-095dedf7849c460193b6149ed763b597.jpg
Chicken Makhani (Indian Butter Chicken),10 mins,25 mins,35 mins,4,>2_tablespoons_peanut_oil>1_shallot>¼_white_onion>2_tablespoons_butter>1_tablespoon_ginger_garlic_paste>2_teaspoons_lemon_juice>2_teaspoons_garam_masala>1_teaspoon_chili_powder>1_teaspoon_ground_cumin>1_bay_leaf>1_cup_tomato_puree>1_cup_half-and-half>¼_cup_plain_yogurt>1_pinch_salt_and_ground_black_pepper_to_taste>1_pound_boneless>¼_teaspoon_cayenne_pepper>1_tablespoon_cornstarch>¼_cup_water>,"]1.Heat_1_tablespoon_oil_in_a_large_saucepan_over_medium-high_heat._Sauté_shallot_and_onion_until_soft_and_translucent,_about_5_minutes.]2.Stir_in_butter,_ginger-garlic_paste,_lemon_juice,_1_teaspoon_garam_masala,_chili_powder,_cumin,_and_bay_leaf._Cook_and_stir_for_1_minute._Add_tomato_sauce,_and_cook_for_2_minutes,_continuing_to_frequently_stir.]3.Stir_in_half-and-half_and_yogurt._Reduce_heat_to_low,_and_simmer_for_10_minutes,_frequently_stirring._Season_with_salt_and_pepper._Remove_from_heat_and_set_aside.]4.Heat_remaining_1_tablespoon_oil_in_a_large_heavy_skillet_over_medium_heat._Cook_chicken_until_lightly_browned,_about_10_minutes.]5.Reduce_heat,_and_season_with_remaining_1_teaspoon_garam_masala_and_cayenne._Stir_in_a_few_spoonfuls_of_sauce,_and_simmer_until_liquid_has_reduced,_and_chicken_is_no_longer_pink._Add_cooked_chicken_into_sauce_and_stir_together.]6.Dissolve_cornstarch_into_water,_then_mix_into_the_sauce._Cook_for_5_to_10_minutes,_or_until_thickened.]7.Serve_over_rice_with_naan.",chicken,https://www.allrecipes.com/thmb/y6Gj-z1NLSEXSz9uwBnJGPfg9VE=/282x188/filters:no_upscale():max_bytes(150000):strip_icc():focal(999x0:1001x2):format(webp)/45957-ChickenMakhaniIndianButterChicken-mfs-4X3-0037-7aa9a555bf3943baae20c5c3b0921375.jpg
Best Chicken Marinade,5 mins,20 mins,1 hr,1 hr 25 mins,>⅔_cup_olive_oil>⅔_cup_reduced-sodium_soy_sauce>¼_cup_lemon_juice>2_tablespoons_liquid_smoke_flavoring>2_tablespoons_spicy_brown_mustard>2_teaspoons_ground_black_pepper>2_teaspoons_garlic_powder>4_skinless>,"]1.Gather_the_ingredients.]2.Mix_olive_oil,_soy_sauce,_lemon_juice,_liquid_smoke,_mustard,_pepper,_and_garlic_powder_together_in_a_large_glass_or_ceramic_bowl.]3.Place_chicken_in_the_bowl_and_turn_to_coat_with_marinade._Cover_and_marinate_in_the_refrigerator_for_1_to_4_hours._For_best_results,_do_not_marinate_longer_than_4_hours.]4.Preheat_an_outdoor_grill_for_high_heat_and_lightly_oil_the_grate.]5.Remove_chicken_from_the_marinade_and_shake_off_excess._Discard_the_remaining_marinade.]6.Cook_chicken_on_the_preheated_grill_until_no_longer_pink_in_the_center_and_the_juices_run_clear,_6_to_8_minutes_per_side._An_instant-read_thermometer_inserted_into_the_center_should_read_at_least_165_degrees_F_(74_degrees_C).]7.Serve_and_enjoy!",chicken,https://www.allrecipes.com/thmb/ikJn5EwEFcbNRKJ3z_o2Bg7uK1M=/282x188/filters:no_upscale():max_bytes(150000):strip_icc():focal(1999x0:2001x2):format(webp)/83793-best-chicken-marinade-VAT-4x3-095dedf7849c460193b6149ed763b597.jpg
Chicken Pot Pie VI,30 mins,50 mins,1 hr 20 mins,6,>1_recipe_pastry_for_a_9_inch_double_crust_pie>4_boneless>½_cup_chopped_onion>1_teaspoon_poultry_seasoning>1_(10.75_ounce)_can_condensed_cream_of_chicken_soup>1_(10.75_ounce)_can_condensed_cream_of_mushroom_soup>1_cup_shredded_Cheddar_cheese>1_cup_shredded_mozzarella_cheese>2_cups_frozen_mixed_vegetables>1_cup_sliced_fresh_mushrooms>_salt_and_pepper_to_taste>,"]1.Preheat_oven_to_350_degrees_F_(175_degrees_C)._Lightly_grease_and_flour_a_2_quart_casserole_dish.]2.Place_chicken_breasts,_onion,_and_poultry_seasoning_in_a_medium_saucepan_and_add_enough_water_to_cover._Simmer_over_medium_heat_for_8_to_10_minutes,_until_chicken_is_cooked_through._Drain_and_dice_chicken.]3.In_a_large_bowl,_combine_chicken,_onions,_cream_of_chicken_soup,_cream_of_mushroom_soup,_Cheddar_cheese,_mozzarella_cheese,_mixed_vegetables,_mushrooms,_and_salt_and_pepper._Mix_thoroughly.]4.Lay_one_sheet_of_pastry_in_bottom_of_greased_and_floured_pan._Pour_chicken_mixture_over_pastry._Cover_with_second_sheet_of_pastry._Seal_edges_of_top_and_bottom_pastries._Cut_steam_vents_in_top.]5.Bake_in_preheated_oven_for_50_minutes,_until_pastry_is_golden_brown.",chicken,https://www.allrecipes.com/thmb/ZLkl8yIyIUBCq6WhXunNlSRCCnE=/282x188/filters:no_upscale():max_bytes(150000):strip_icc():focal(124x0:126x2):format(webp)/693736-b6bc39ee191d4be5a52df72530fc699b.jpg
Banana Pancakes,5 mins,10 mins,15 mins,6,>1_cup_all-purpose_flour>1_tablespoon_white_sugar>2_teaspoons_baking_powder>¼_teaspoon_salt>1_egg>1_cup_milk>2_tablespoons_vegetable_oil>2_ripe_bananas>,"]1.Gather_all_ingredients.]2.Combine_flour,_white_sugar,_baking_powder,_and_salt_in_a_bowl._Mix_together_egg,_milk,_vegetable_oil,_and_bananas_in_a_second_bowl.]3.Stir_flour_mixture_into_banana_mixture;_batter_will_be_slightly_lumpy.]4.Heat_a_lightly_oiled_griddle_or_frying_pan_over_medium_high_heat._Pour_or_scoop_the_batter_onto_the_griddle,_using_approximately_1/4_cup_for_each_pancake.]5.Cook_until_pancakes_are_golden_brown,_3_to_5_minutes_per_side._Serve_hot.]6.Serve_hot_and_enjoy!",pancakes,https://www.allrecipes.com/thmb/5tStlYxdp5LvPJ2BTbMShjg-FyQ=/282x188/filters:no_upscale():max_bytes(150000):strip_icc():focal(1999x0:2001x2):format(webp)/20334-banana-pancakes-i-DDMFS-4x3-9f291f03044247d48c9ec26917952402.jpg
Chicken Makhani (Indian Butter Chicken),10 mins,25 mins,35 mins,4,>2_tablespoons_peanut_oil>1_shallot>¼_white_onion>2_tablespoons_butter>1_tablespoon_ginger_garlic_paste>2_teaspoons_lemon_juice>2_teaspoons_garam_masala>1_teaspoon_chili_powder>1_teaspoon_ground_cumin>1_bay_leaf>1_cup_tomato_puree>1_cup_half-and-half>¼_cup_plain_yogurt>1_pinch_salt_and_ground_black_pepper_to_taste>1_pound_boneless>¼_teaspoon_cayenne_pepper>1_tablespoon_cornstarch>¼_cup_water>,"]1.Heat_1_tablespoon_oil_in_a_large_saucepan_over_medium-high_heat._Sauté_shallot_and_onion_until_soft_and_translucent,_about_5_minutes.]2.Stir_in_butter,_ginger-garlic_paste,_lemon_juice,_1_teaspoon_garam_masala,_chili_powder,_cumin,_and_bay_leaf._Cook_and_stir_for_1_minute._Add_tomato_sauce,_and_cook_for_2_minutes,_continuing_to_frequently_stir.]3.Stir_in_half-and-half_and_yogurt._Reduce_heat_to_low,_and_simmer_for_10_minutes,_frequently_stirring._Season_with_salt_and_pepper._Remove_from_heat_and_set_aside.]4.Heat_remaining_1_tablespoon_oil_in_a_large_heavy_skillet_over_medium_heat._Cook_chicken_until_lightly_browned,_about_10_minutes.]5.Reduce_heat,_and_season_with_remaining_1_teaspoon_garam_masala_and_cayenne._Stir_in_a_few_spoonfuls_of_sauce,_and_simmer_until_liquid_has_reduced,_and_chicken_is_no_longer_pink._Add_cooked_chicken_into_sauce_and_stir_together.]6.Dissolve_cornstarch_into_water,_then_mix_into_the_sauce._Cook_for_5_to_10_minutes,_or_until_thickened.]7.Serve_over_rice_with_naan.",chicken,https://www.allrecipes.com/thmb/y6Gj-z1NLSEXSz9uwBnJGPfg9VE=/282x188/filters:no_upscale():max_bytes(150000):strip_icc():focal(999x0:1001x2):format(webp)/45957-ChickenMakhaniIndianButterChicken-mfs-4X3-0037-7aa9a555bf3943baae20c5c3b0921375.jpg
Chicken Makhani (Indian Butter Chicken),10 mins,25 mins,35 mins,4,>2_tablespoons_peanut_oil>1_shallot>¼_white_onion>2_tablespoons_butter>1_tablespoon_ginger_garlic_paste>2_teaspoons_lemon_juice>2_teaspoons_garam_masala>1_teaspoon_chili_powder>1_teaspoon_ground_cumin>1_bay_leaf>1_cup_tomato_puree>1_cup_half-and-half>¼_cup_plain_yogurt>1_pinch_salt_and_ground_black_pepper_to_taste>1_pound_boneless>¼_teaspoon_cayenne_pepper>1_tablespoon_cornstarch>¼_cup_water>,"]1.Heat_1_tablespoon_oil_in_a_large_saucepan_over_medium-high_heat._Sauté_shallot_and_onion_until_soft_and_translucent,_about_5_minutes.]2.Stir_in_butter,_ginger-garlic_paste,_lemon_juice,_1_teaspoon_garam_masala,_chili_powder,_cumin,_and_bay_leaf._Cook_and_stir_for_1_minute._Add_tomato_sauce,_and_cook_for_2_minutes,_continuing_to_frequently_stir.]3.Stir_in_half-and-half_and_yogurt._Reduce_heat_to_low,_and_simmer_for_10_minutes,_frequently_stirring._Season_with_salt_and_pepper._Remove_from_heat_and_set_aside.]4.Heat_remaining_1_tablespoon_oil_in_a_large_heavy_skillet_over_medium_heat._Cook_chicken_until_lightly_browned,_about_10_minutes.]5.Reduce_heat,_and_season_with_remaining_1_teaspoon_garam_masala_and_cayenne._Stir_in_a_few_spoonfuls_of_sauce,_and_simmer_until_liquid_has_reduced,_and_chicken_is_no_longer_pink._Add_cooked_chicken_into_sauce_and_stir_together.]6.Dissolve_cornstarch_into_water,_then_mix_into_the_sauce._Cook_for_5_to_10_minutes,_or_until_thickened.]7.Serve_over_rice_with_naan.",chicken,https://www.allrecipes.com/thmb/y6Gj-z1NLSEXSz9uwBnJGPfg9VE=/282x188/filters:no_upscale():max_bytes(150000):strip_icc():focal(999x0:1001x2):format(webp)/45957-ChickenMakhaniIndianButterChicken-mfs-4X3-0037-7aa9a555bf3943baae20c5c3b0921375.jpg
Chicken Makhani (Indian Butter Chicken),10 mins,25 mins,35 mins,4,>2_tablespoons_peanut_oil>1_shallot>¼_white_onion>2_tablespoons_butter>1_tablespoon_ginger_garlic_paste>2_teaspoons_lemon_juice>2_teaspoons_garam_masala>1_teaspoon_chili_powder>1_teaspoon_ground_cumin>1_bay_leaf>1_cup_tomato_puree>1_cup_half-and-half>¼_cup_plain_yogurt>1_pinch_salt_and_ground_black_pepper_to_taste>1_pound_boneless>¼_teaspoon_cayenne_pepper>1_tablespoon_cornstarch>¼_cup_water>,"]1.Heat_1_tablespoon_oil_in_a_large_saucepan_over_medium-high_heat._Sauté_shallot_and_onion_until_soft_and_translucent,_about_5_minutes.]2.Stir_in_butter,_ginger-garlic_paste,_lemon_juice,_1_teaspoon_garam_masala,_chili_powder,_cumin,_and_bay_leaf._Cook_and_stir_for_1_minute._Add_tomato_sauce,_and_cook_for_2_minutes,_continuing_to_frequently_stir.]3.Stir_in_half-and-half_and_yogurt._Reduce_heat_to_low,_and_simmer_for_10_minutes,_frequently_stirring._Season_with_salt_and_pepper._Remove_from_heat_and_set_aside.]4.Heat_remaining_1_tablespoon_oil_in_a_large_heavy_skillet_over_medium_heat._Cook_chicken_until_lightly_browned,_about_10_minutes.]5.Reduce_heat,_and_season_with_remaining_1_teaspoon_garam_masala_and_cayenne._Stir_in_a_few_spoonfuls_of_sauce,_and_simmer_until_liquid_has_reduced,_and_chicken_is_no_longer_pink._Add_cooked_chicken_into_sauce_and_stir_together.]6.Dissolve_cornstarch_into_water,_then_mix_into_the_sauce._Cook_for_5_to_10_minutes,_or_until_thickened.]7.Serve_over_rice_with_naan.",chicken,https://www.allrecipes.com/thmb/y6Gj-z1NLSEXSz9uwBnJGPfg9VE=/282x188/filters:no_upscale():max_bytes(150000):strip_icc():focal(999x0:1001x2):format(webp)/45957-ChickenMakhaniIndianButterChicken-mfs-4X3-0037-7aa9a555bf3943baae20c5c3b0921375.jpg
Best Chicken Marinade,5 mins,20 mins,1 hr,1 hr 25 mins,>⅔_cup_olive_oil>⅔_cup_reduced-sodium_soy_sauce>¼_cup_lemon_juice>2_tablespoons_liquid_smoke_flavoring>2_tablespoons_spicy_brown_mustard>2_teaspoons_ground_black_pepper>2_teaspoons_garlic_powder>4_skinless>,"]1.Gather_the_ingredients.]2.Mix_olive_oil,_soy_sauce,_lemon_juice,_liquid_smoke,_mustard,_pepper,_and_garlic_powder_together_in_a_large_glass_or_ceramic_bowl.]3.Place_chicken_in_the_bowl_and_turn_to_coat_with_marinade._Cover_and_marinate_in_the_refrigerator_for_1_to_4_hours._For_best_results,_do_not_marinate_longer_than_4_hours.]4.Preheat_an_outdoor_grill_for_high_heat_and_lightly_oil_the_grate.]5.Remove_chicken_from_the_marinade_and_shake_off_excess._Discard_the_remaining_marinade.]6.Cook_chicken_on_the_preheated_grill_until_no_longer_pink_in_the_center_and_the_juices_run_clear,_6_to_8_minutes_per_side._An_instant-read_thermometer_inserted_into_the_center_should_read_at_least_165_degrees_F_(74_degrees_C).]7.Serve_and_enjoy!",chicken,https://www.allrecipes.com/thmb/ikJn5EwEFcbNRKJ3z_o2Bg7uK1M=/282x188/filters:no_upscale():max_bytes(150000):strip_icc():focal(1999x0:2001x2):format(webp)/83793-best-chicken-marinade-VAT-4x3-095dedf7849c460193b6149ed763b597.jpg
Chicken Pot Pie VI,30 mins,50 mins,1 hr 20 mins,6,>1_recipe_pastry_for_a_9_inch_double_crust_pie>4_boneless>½_cup_chopped_onion>1_teaspoon_poultry_seasoning>1_(10.75_ounce)_can_condensed_cream_of_chicken_soup>1_(10.75_ounce)_can_condensed_cream_of_mushroom_soup>1_cup_shredded_Cheddar_cheese>1_cup_shredded_mozzarella_cheese>2_cups_frozen_mixed_vegetables>1_cup_sliced_fresh_mushrooms>_salt_and_pepper_to_taste>,"]1.Preheat_oven_to_350_degrees_F_(175_degrees_C)._Lightly_grease_and_flour_a_2_quart_casserole_dish.]2.Place_chicken_breasts,_onion,_and_poultry_seasoning_in_a_medium_saucepan_and_add_enough_water_to_cover._Simmer_over_medium_heat_for_8_to_10_minutes,_until_chicken_is_cooked_through._Drain_and_dice_chicken.]3.In_a_large_bowl,_combine_chicken,_onions,_cream_of_chicken_soup,_cream_of_mushroom_soup,_Cheddar_cheese,_mozzarella_cheese,_mixed_vegetables,_mushrooms,_and_salt_and_pepper._Mix_thoroughly.]4.Lay_one_sheet_of_pastry_in_bottom_of_greased_and_floured_pan._Pour_chicken_mixture_over_pastry._Cover_with_second_sheet_of_pastry._Seal_edges_of_top_and_bottom_pastries._Cut_steam_vents_in_top.]5.Bake_in_preheated_oven_for_50_minutes,_until_pastry_is_golden_brown.",chicken,https://www.allrecipes.com/thmb/ZLkl8yIyIUBCq6WhXunNlSRCCnE=/282x188/filters:no_upscale():max_bytes(150000):strip_icc():focal(124x0:126x2):format(webp)/693736-b6bc39ee191d4be5a52df72530fc699b.jpg
Banana Pancakes,5 mins,10 mins,15 mins,6,>1_cup_all-purpose_flour>1_tablespoon_white_sugar>2_teaspoons_baking_powder>¼_teaspoon_salt>1_egg>1_cup_milk>2_tablespoons_vegetable_oil>2_ripe_bananas>,"]1.Gather_all_ingredients.]2.Combine_flour,_white_sugar,_baking_powder,_and_salt_in_a_bowl._Mix_together_egg,_milk,_vegetable_oil,_and_bananas_in_a_second_bowl.]3.Stir_flour_mixture_into_banana_mixture;_batter_will_be_slightly_lumpy.]4.Heat_a_lightly_oiled_griddle_or_frying_pan_over_medium_high_heat._Pour_or_scoop_the_batter_onto_the_griddle,_using_approximately_1/4_cup_for_each_pancake.]5.Cook_until_pancakes_are_golden_brown,_3_to_5_minutes_per_side._Serve_hot.]6.Serve_hot_and_enjoy!",pancakes,
Best Buckwheat Pancakes,5 mins,10 mins,15 mins,2,>1_cup_buttermilk>1_egg>3_tablespoons_butter>6_tablespoons_all-purpose_flour>6_tablespoons_buckwheat_flour>1_teaspoon_white_sugar>½_teaspoon_salt>1_teaspoon_baking_soda>3_tablespoons_butter>,"]1.In_a_medium_bowl,_whisk_together_buttermilk,_egg,_and_melted_butter.]2.In_another_bowl,_mix_together_white_flour,_buckwheat_flour,_sugar,_salt,_and_baking_soda._Pour_dry_ingredients_into_egg-mixture._Stir_until_the_two_mixtures_are_just_incorporated.]3.Heat_a_griddle_or_large_frying_pan_to_medium-high_heat,_and_place_1_tablespoon_of_butter,_margarine,_or_oil_into_it._Let_butter_melt_before_spooning_batter_into_the_frying_pan,_form_4-inch_pancakes_out_of_the_batter._Once_bubbles_form_on_the_top_of_pancakes,_flip_them_over_and_cook_them_on_the_other_side_for_about_3_minutes._Continue_with_this_process_until_all_batter_has_been_made_into_pancakes.",pancakes,https://www.allrecipes.com/thmb/_52zHzSRlRCMwRsQUiNGTa0r8GI=/282x188/filters:no_upscale():max_bytes(150000):strip_icc():focal(479x0:481x2):format(webp)/4462456-498cb5dd596d44208a5f1d79daff5626.jpg
Chicken Makhani (Indian Butter Chicken),10 mins,25 mins,35 mins,4,>2_tablespoons_peanut_oil>1_shallot>¼_white_onion>2_tablespoons_butter>1_tablespoon_ginger_garlic_paste>2_teaspoons_lemon_juice>2_teaspoons_garam_masala>1_teaspoon_chili_powder>1_teaspoon_ground_cumin>1_bay_leaf>1_cup_tomato_puree>1_cup_half-and-half>¼_cup_plain_yogurt>1_pinch_salt_and_ground_black_pepper_to_taste>1_pound_boneless>¼_teaspoon_cayenne_pepper>1_tablespoon_cornstarch>¼_cup_water>,"]1.Heat_1_tablespoon_oil_in_a_large_saucepan_over_medium-high_heat._Sauté_shallot_and_onion_until_soft_and_translucent,_about_5_minutes.]2.Stir_in_butter,_ginger-garlic_paste,_lemon_juice,_1_teaspoon_garam_masala,_chili_powder,_cumin,_and_bay_leaf._Cook_and_stir_for_1_minute._Add_tomato_sauce,_and_cook_for_2_minutes,_continuing_to_frequently_stir.]3.Stir_in_half-and-half_and_yogurt._Reduce_heat_to_low,_and_simmer_for_10_minutes,_frequently_stirring._Season_with_salt_and_pepper._Remove_from_heat_and_set_aside.]4.Heat_remaining_1_tablespoon_oil_in_a_large_heavy_skillet_over_medium_heat._Cook_chicken_until_lightly_browned,_about_10_minutes.]5.Reduce_heat,_and_season_with_remaining_1_teaspoon_garam_masala_and_cayenne._Stir_in_a_few_spoonfuls_of_sauce,_and_simmer_until_liquid_has_reduced,_and_chicken_is_no_longer_pink._Add_cooked_chicken_into_sauce_and_stir_together.]6.Dissolve_cornstarch_into_water,_then_mix_into_the_sauce._Cook_for_5_to_10_minutes,_or_until_thickened.]7.Serve_over_rice_with_naan.",chicken,https://www.allrecipes.com/thmb/y6Gj-z1NLSEXSz9uwBnJGPfg9VE=/282x188/filters:no_upscale():max_bytes(150000):strip_icc():focal(999x0:1001x2):format(webp)/45957-ChickenMakhaniIndianButterChicken-mfs-4X3-0037-7aa9a555bf3943baae20c5c3b0921375.jpg
Best Chicken Marinade,5 mins,20 mins,1 hr,1 hr 25 mins,>⅔_cup_olive_oil>⅔_cup_reduced-sodium_soy_sauce>¼_cup_lemon_juice>2_tablespoons_liquid_smoke_flavoring>2_tablespoons_spicy_brown_mustard>2_teaspoons_ground_black_pepper>2_teaspoons_garlic_powder>4_skinless>,"]1.Gather_the_ingredients.]2.Mix_olive_oil,_soy_sauce,_lemon_juice,_liquid_smoke,_mustard,_pepper,_and_garlic_powder_together_in_a_large_glass_or_ceramic_bowl.]3.Place_chicken_in_the_bowl_and_turn_to_coat_with_marinade._Cover_and_marinate_in_the_refrigerator_for_1_to_4_hours._For_best_results,_do_not_marinate_longer_than_4_hours.]4.Preheat_an_outdoor_grill_for_high_heat_and_lightly_oil_the_grate.]5.Remove_chicken_from_the_marinade_and_shake_off_excess._Discard_the_remaining_marinade.]6.Cook_chicken_on_the_preheated_grill_until_no_longer_pink_in_the_center_and_the_juices_run_clear,_6_to_8_minutes_per_side._An_instant-read_thermometer_inserted_into_the_center_should_read_at_least_165_degrees_F_(74_degrees_C).]7.Serve_and_enjoy!",chicken,https://www.allrecipes.com/thmb/ikJn5EwEFcbNRKJ3z_o2Bg7uK1M=/282x188/filters:no_upscale():max_bytes(150000):strip_icc():focal(1999x0:2001x2):format(webp)/83793-best-chicken-marinade-VAT-4x3-095dedf7849c460193b6149ed763b597.jpg
Chicken Makhani (Indian Butter Chicken),10 mins,25 mins,35 mins,4,>2_tablespoons_peanut_oil>1_shallot>¼_white_onion>2_tablespoons_butter>1_tablespoon_ginger_garlic_paste>2_teaspoons_lemon_juice>2_teaspoons_garam_masala>1_teaspoon_chili_powder>1_teaspoon_ground_cumin>1_bay_leaf>1_cup_tomato_puree>1_cup_half-and-half>¼_cup_plain_yogurt>1_pinch_salt_and_ground_black_pepper_to_taste>1_pound_boneless>¼_teaspoon_cayenne_pepper>1_tablespoon_cornstarch>¼_cup_water>,"]1.Heat_1_tablespoon_oil_in_a_large_saucepan_over_medium-high_heat._Sauté_shallot_and_onion_until_soft_and_translucent,_about_5_minutes.]2.Stir_in_butter,_ginger-garlic_paste,_lemon_juice,_1_teaspoon_garam_masala,_chili_powder,_cumin,_and_bay_leaf._Cook_and_stir_for_1_minute._Add_tomato_sauce,_and_cook_for_2_minutes,_continuing_to_frequently_stir.]3.Stir_in_half-and-half_and_yogurt._Reduce_heat_to_low,_and_simmer_for_10_minutes,_frequently_stirring._Season_with_salt_and_pepper._Remove_from_heat_and_set_aside.]4.Heat_remaining_1_tablespoon_oil_in_a_large_heavy_skillet_over_medium_heat._Cook_chicken_until_lightly_browned,_about_10_minutes.]5.Reduce_heat,_and_season_with_remaining_1_teaspoon_garam_masala_and_cayenne._Stir_in_a_few_spoonfuls_of_sauce,_and_simmer_until_liquid_has_reduced,_and_chicken_is_no_longer_pink._Add_cooked_chicken_into_sauce_and_stir_together.]6.Dissolve_cornstarch_into_water,_then_mix_into_the_sauce._Cook_for_5_to_10_minutes,_or_until_thickened.]7.Serve_over_rice_with_naan.",chicken,https://www.allrecipes.com/thmb/y6Gj-z1NLSEXSz9uwBnJGPfg9VE=/282x188/filters:no_upscale():max_bytes(150000):strip_icc():focal(999x0:1001x2):format(webp)/45957-ChickenMakhaniIndianButterChicken-mfs-4X3-0037-7aa9a555bf3943baae20c5c3b0921375.jpg
Chicken Makhani (Indian Butter Chicken),10 mins,25 mins,35 mins,4,>2_tablespoons_peanut_oil>1_shallot>¼_white_onion>2_tablespoons_butter>1_tablespoon_ginger_garlic_paste>2_teaspoons_lemon_juice>2_teaspoons_garam_masala>1_teaspoon_chili_powder>1_teaspoon_ground_cumin>1_bay_leaf>1_cup_tomato_puree>1_cup_half-and-half>¼_cup_plain_yogurt>1_pinch_salt_and_ground_black_pepper_to_taste>1_pound_boneless>¼_teaspoon_cayenne_pepper>1_tablespoon_cornstarch>¼_cup_water>,"]1.Heat_1_tablespoon_oil_in_a_large_saucepan_over_medium-high_heat._Sauté_shallot_and_onion_until_soft_and_translucent,_about_5_minutes.]2.Stir_in_butter,_ginger-garlic_paste,_lemon_juice,_1_teaspoon_garam_masala,_chili_powder,_cumin,_and_bay_leaf._Cook_and_stir_for_1_minute._Add_tomato_sauce,_and_cook_for_2_minutes,_continuing_to_frequently_stir.]3.Stir_in_half-and-half_and_yogurt._Reduce_heat_to_low,_and_simmer_for_10_minutes,_frequently_stirring._Season_with_salt_and_pepper._Remove_from_heat_and_set_aside.]4.Heat_remaining_1_tablespoon_oil_in_a_large_heavy_skillet_over_medium_heat._Cook_chicken_until_lightly_browned,_about_10_minutes.]5.Reduce_heat,_and_season_with_remaining_1_teaspoon_garam_masala_and_cayenne._Stir_in_a_few_spoonfuls_of_sauce,_and_simmer_until_liquid_has_reduced,_and_chicken_is_no_longer_pink._Add_cooked_chicken_into_sauce_and_stir_together.]6.Dissolve_cornstarch_into_water,_then_mix_into_the_sauce._Cook_for_5_to_10_minutes,_or_until_thickened.]7.Serve_over_rice_with_naan.",chicken,https://www.allrecipes.com/thmb/y6Gj-z1NLSEXSz9uwBnJGPfg9VE=/282x188/filters:no_upscale():max_bytes(150000):strip_icc():focal(999x0:1001x2):format(webp)/45957-ChickenMakhaniIndianButterChicken-mfs-4X3-0037-7aa9a555bf3943baae20c5c3b0921375.jpg
